{
  "prediction": 1.041768865911234e-74,
  "true_label": 0,
  "total_time": 0.09621500968933105,
  "correct": true
}